,eid1,eid2
0,29029,29692
1,30273,30276
2,29692,30883
3,29692,30276
4,28,60
5,32157,32160
6,32781,33487
7,31510,32160
8,146,32160
9,146,181
10,33487,33490
11,31511,32161
12,31511,31514
13,41315,30891
14,41315,41318
15,250,288
16,43359,43362
17,43359,43741
18,31520,43362
19,31520,43741
20,31521,32168
21,31521,38287
22,43741,43744
23,32796,33502
24,34106,32168
25,34106,38287
26,43362,43744
27,14790,32168
28,14790,38287
29,14791,32168
30,14791,38287
31,379,414
32,29055,29718
33,29715,29718
34,29715,30295
35,31523,32169
36,31523,31526
37,32797,32800
38,29056,29718
39,29056,30295
40,14799,14818
41,31525,31528
42,31525,32171
43,31525,32172
44,32169,32172
45,31526,32172
46,14833,32171
47,31527,43748
48,43363,43748
49,43745,43748
50,44433,43748
51,30900,43748
52,31528,43748
53,43364,43748
54,44434,43748
55,14836,14851
56,14836,14860
57,14837,43748
58,31531,32176
59,31531,31534
60,31531,32175
61,31533,31536
62,31533,32177
63,31533,32178
64,33511,33514
65,30906,31536
66,30906,32177
67,30906,32178
68,14878,31536
69,14878,32177
70,14878,32178
71,605,641
72,594,32178
73,594,630
74,30305,30308
75,30305,41911
76,32809,30308
77,32809,41911
78,32810,30308
79,32810,41911
80,31539,31542
81,31539,32183
82,34126,31542
83,34126,32183
84,14950,31542
85,14950,32183
86,14951,31542
87,14951,32183
88,31543,32188
89,32185,32188
90,30912,32188
91,31544,32188
92,14984,32188
93,30315,30318
94,35929,36515
95,35929,36516
96,823,865
97,830,872
98,831,873
99,31547,31550
100,43365,43368
101,43365,46200
102,43365,43749
103,43365,46287
104,46197,46200
105,46197,46287
106,31548,46200
107,31548,46287
108,43366,46200
109,43366,46287
110,856,901
111,864,911
112,865,912
113,869,916
114,870,917
115,872,919
116,873,920
117,877,924
118,878,925
119,31549,31552
120,31549,32193
121,31549,32194
122,32825,32828
123,43749,43752
124,46287,44441
125,46287,44442
126,46287,46292
127,34136,31552
128,34136,32193
129,34136,32194
130,43368,43752
131,46200,44441
132,46200,44442
133,46200,46292
134,15091,15122
135,15056,31552
136,15056,32193
137,15056,32194
138,15056,15143
139,15057,31552
140,15057,32193
141,15057,32194
142,15057,15143
143,899,944
144,901,946
145,911,956
146,912,957
147,913,958
148,916,961
149,917,962
150,919,964
151,920,965
152,922,967
153,924,969
154,925,970
155,926,971
156,908,953
157,956,997
158,970,1011
159,32197,32200
160,43753,43756
161,43753,37733
162,44445,44448
163,44445,43755
164,44445,43756
165,31556,32200
166,43372,43756
167,43372,37733
168,44446,44448
169,44446,43755
170,44446,43756
171,1052,1097
172,1053,1098
173,1055,1100
174,1060,1105
175,1065,1110
176,29091,29752
177,31557,31560
178,31557,32201
179,31557,32202
180,32835,32838
181,34143,34146
182,43373,43376
183,43373,43757
184,43373,43758
185,31558,43376
186,31558,43757
187,31558,43758
188,34144,32201
189,34144,32202
190,35942,36528
191,15210,15260
192,15221,32201
193,15222,32202
194,1075,1121
195,1086,1131
196,1092,1138
197,1093,1140
198,1094,1139
199,1095,1141
200,1097,1143
201,1098,1144
202,1100,1146
203,1102,1148
204,1103,1149
205,1104,1150
206,1105,1151
207,1106,1152
208,1107,1153
209,1109,1155
210,1110,1156
211,1111,1157
212,1089,1135
213,31559,31562
214,31559,32203
215,32201,32204
216,32837,32840
217,1124,1169
218,1127,1172
219,1138,1184
220,1140,1185
221,1141,1187
222,1143,1189
223,1144,1190
224,1146,1192
225,1147,1193
226,1148,1194
227,1149,1195
228,1150,1196
229,1155,1201
230,1156,1202
231,1157,1203
232,1135,1181
233,32203,15380
234,32203,32206
235,31562,37739
236,31562,15380
237,31562,32206
238,1172,1213
239,1185,1227
240,1187,1229
241,1190,1232
242,1191,1233
243,1192,1234
244,1194,1236
245,1195,1237
246,1196,1238
247,1203,1245
248,1232,1272
249,1233,1273
250,1238,1278
251,30337,30340
252,41365,41368
253,41365,30937
254,33546,41368
255,33546,30937
256,30937,30940
257,31569,32214
258,43383,43386
259,43383,43763
260,1344,1394
261,1351,1402
262,1358,1409
263,1359,1411
264,1360,1410
265,1361,1412
266,1362,1413
267,1364,1415
268,1366,1417
269,1367,1418
270,1368,1419
271,1369,1420
272,1370,1421
273,1371,1422
274,1372,1423
275,1373,1424
276,1374,1425
277,1375,1426
278,1376,1427
279,1377,1428
280,36539,36542
281,43763,43766
282,43386,43766
283,1393,1442
284,1394,1443
285,1398,1447
286,1402,1450
287,1409,1456
288,1410,1457
289,1411,1458
290,1412,1459
291,1413,1460
292,1415,1462
293,1417,1464
294,1418,1465
295,1420,1467
296,1421,1468
297,1423,1470
298,1424,1471
299,1426,1473
300,1427,1474
301,1428,1475
302,29109,29768
303,29109,35383
304,29765,29768
305,29765,35383
306,31573,32218
307,43387,43390
308,43387,43767
309,29110,29768
310,29110,35383
311,15605,15668
312,1442,1488
313,1443,1489
314,1445,1491
315,1447,1493
316,1450,1498
317,1456,1505
318,1457,1506
319,1459,1508
320,1460,1509
321,1461,1510
322,1462,1511
323,1464,1513
324,1465,1514
325,1467,1516
326,1468,1517
327,1470,1519
328,1471,1520
329,1473,1522
330,1474,1523
331,1453,1502
332,31575,32220
333,32217,32220
334,31576,32220
335,34160,32220
336,15673,32220
337,1514,1556
338,1519,1561
339,32861,32864
340,32861,33559
341,1585,1630
342,1596,1643
343,1605,1652
344,1608,1655
345,1612,1659
346,31581,31584
347,31581,32224
348,31581,32223
349,34165,34168
350,34166,32224
351,15795,15846
352,1625,1673
353,1628,1677
354,1630,1679
355,1637,1685
356,1643,1692
357,1644,1693
358,1645,1694
359,1647,1696
360,1648,1697
361,1649,1698
362,1651,1700
363,1652,1701
364,1654,1703
365,1655,1704
366,1657,1706
367,1658,1707
368,1659,1708
369,1660,1709
370,1661,1710
371,1640,1689
372,31583,43776
373,35391,35394
374,43395,43776
375,43395,15923
376,43773,43776
377,43773,15923
378,29776,35394
379,34168,43776
380,43396,43776
381,43396,15923
382,15840,43776
383,15840,15923
384,15841,43776
385,15841,15923
386,1684,1736
387,1692,1744
388,1693,1746
389,1694,1745
390,1696,1747
391,1697,1749
392,1698,1750
393,1700,1752
394,1701,1753
395,1702,1754
396,1703,1755
397,1704,1756
398,1705,1757
399,1706,1758
400,1707,1759
401,1708,1760
402,1710,1762
403,1711,1763
404,1689,1741
405,30355,30358
406,31585,43777
407,31585,43778
408,31585,43400
409,31585,44463
410,31585,44464
411,33563,33566
412,43397,43400
413,43397,43777
414,43397,43778
415,31586,43400
416,31586,43777
417,31586,43778
418,34170,43777
419,35394,43777
420,35394,43400
421,35394,44463
422,35394,44464
423,35394,38335
424,15936,43777
425,15936,43778
426,15936,43400
427,15936,44463
428,15936,44464
429,1727,1776
430,1736,1782
431,1744,1789
432,1746,1791
433,1747,1792
434,1748,1793
435,1749,1794
436,1750,1795
437,1751,1796
438,1752,1797
439,1753,1798
440,1754,1799
441,1755,1800
442,1756,1801
443,1757,1802
444,1758,1803
445,1759,1804
446,1760,1805
447,1762,1807
448,1763,1808
449,43399,43402
450,43399,43779
451,31588,43402
452,31588,43779
453,1794,1838
454,1796,1840
455,1798,1842
456,1803,1847
457,1804,1848
458,38939,38942
459,38342,38942
460,1897,1945
461,1900,1948
462,1911,1959
463,29785,35406
464,31595,32236
465,31595,16165
466,31595,43406
467,31595,43783
468,32233,32236
469,35403,35406
470,43403,43784
471,43403,43406
472,29130,35406
473,29786,35406
474,31596,32236
475,31596,16165
476,34180,32236
477,34180,16165
478,16091,16165
479,16103,16165
480,16103,43783
481,1921,1969
482,1924,1972
483,1927,1975
484,1932,1981
485,1940,1989
486,1941,1990
487,1942,1991
488,1944,1993
489,1945,1994
490,1946,1995
491,1947,1996
492,1948,1997
493,1949,1998
494,1950,1999
495,1951,2000
496,1952,2001
497,1954,2003
498,1955,2004
499,1956,2005
500,1957,2006
501,1959,2008
502,1937,1986
503,31597,43785
504,43405,43786
505,31598,43786
506,1969,2017
507,1973,2022
508,1975,2024
509,1981,2030
510,1989,2037
511,1990,2038
512,1991,2039
513,1993,2040
514,1994,2042
515,1995,2043
516,1996,2044
517,1997,2045
518,1998,2046
519,1999,2047
520,2000,2048
521,2001,2049
522,2003,2051
523,2004,2052
524,2006,2054
525,1986,2034
526,31599,31602
527,43407,43788
528,43407,37773
529,43785,43788
530,43408,43788
531,2030,2073
532,2031,2074
533,2037,2080
534,2038,2082
535,2039,2081
536,2042,2085
537,2043,2086
538,2044,2087
539,2045,2088
540,2046,2089
541,2047,2090
542,2048,2091
543,2049,2092
544,2051,2094
545,2052,2095
546,2054,2097
547,2055,2098
548,2034,2077
549,29135,35411
550,32883,32886
551,29136,29794
552,29136,35411
553,16304,16340
554,16304,16341
555,2080,2120
556,2081,2122
557,2091,2131
558,2097,2136
559,31605,38355
560,31605,32246
561,38951,38954
562,43413,43792
563,43789,43792
564,43789,16393
565,34190,32246
566,38354,38954
567,43414,43792
568,43414,16393
569,16365,38954
570,16370,16393
571,16370,32246
572,16374,16399
573,16374,16391
574,16366,38954
575,16371,16393
576,16371,32246
577,2171,2219
578,2173,2221
579,2180,2229
580,2183,2232
581,2184,2233
582,2186,2235
583,31607,32248
584,31607,31610
585,31607,32247
586,34192,31610
587,16394,31610
588,16395,31610
589,2211,2258
590,2226,2273
591,2227,2274
592,2229,2276
593,2232,2279
594,2233,2280
595,2235,2281
596,31609,32249
597,31609,32250
598,31609,31612
599,16468,32249
600,16468,32250
601,16469,32250
602,2273,2321
603,2274,2322
604,2276,2324
605,2279,2327
606,2280,2328
607,2281,2330
608,2283,2332
609,31611,32252
610,32249,32252
611,33587,33590
612,43415,43793
613,43415,43418
614,43415,43794
615,34196,32252
616,16520,16591
617,16513,32252
618,16513,16565
619,2297,2346
620,2299,2348
621,2313,2362
622,2314,2364
623,2315,2363
624,2316,2366
625,2317,2365
626,2319,2368
627,2320,2369
628,2321,2370
629,2322,2371
630,2324,2373
631,2327,2376
632,2328,2377
633,2330,2379
634,2332,2381
635,2362,2404
636,2364,2406
637,2370,2412
638,2373,2415
639,2377,2419
640,29807,29810
641,31617,32258
642,29156,29810
643,2463,2509
644,2467,2512
645,2470,2516
646,2471,2517
647,2478,2524
648,29157,29812
649,29157,35429
650,29809,29812
651,31619,32260
652,29158,29812
653,34204,32260
654,16675,16737
655,16673,32260
656,16696,32260
657,2502,2551
658,2509,2559
659,2510,2561
660,2511,2560
661,2512,2563
662,2513,2562
663,2514,2564
664,2515,2565
665,2516,2566
666,2517,2567
667,2518,2568
668,2521,2571
669,2523,2573
670,2524,2574
671,2526,2576
672,2527,2577
673,30389,30392
674,2548,2596
675,2559,2605
676,2560,2606
677,2561,2607
678,2562,2608
679,2563,2609
680,2566,2612
681,2567,2613
682,2568,2614
683,2572,2618
684,2573,2619
685,2574,2620
686,29161,29816
687,29161,35433
688,32261,32264
689,43427,43430
690,43427,44487
691,31624,32264
692,16826,16861
693,2605,2653
694,2606,2654
695,2607,2655
696,2608,2657
697,2609,2656
698,2612,2660
699,2613,2661
700,2615,2663
701,2616,2664
702,2619,2667
703,2620,2668
704,2624,2672
705,44487,44490
706,44487,43805
707,43430,44490
708,43430,43805
709,2645,2685
710,2655,2693
711,2668,2707
712,2672,2711
713,31629,31632
714,32267,32270
715,29820,30992
716,31630,32270
717,2735,2784
718,2748,2798
719,2749,2799
720,2750,2800
721,2753,2803
722,2755,2805
723,2756,2806
724,31631,31634
725,31631,32271
726,34215,34218
727,41421,30993
728,34216,32271
729,16993,32271
730,17010,38982
731,16994,32271
732,2777,2824
733,2783,2829
734,2784,2830
735,2791,2837
736,2792,2839
737,2794,2840
738,2795,2841
739,2797,2843
740,2798,2844
741,2799,2845
742,2801,2847
743,2802,2848
744,2803,2849
745,2804,2850
746,2805,2851
747,2806,2852
748,2808,2854
749,30993,30996
750,31633,31636
751,31633,43811
752,31633,43812
753,43435,44496
754,43435,43811
755,43435,43812
756,43435,43438
757,44493,44496
758,31634,43811
759,31634,43812
760,34218,43811
761,34218,43812
762,43436,44496
763,2837,2880
764,2838,2882
765,2839,2881
766,2840,2884
767,2841,2883
768,2842,2885
769,2843,2886
770,2844,2887
771,2845,2888
772,2847,2890
773,2848,2891
774,2849,2892
775,2850,2893
776,2851,2894
777,2852,2895
778,2854,2897
779,2855,2898
780,2856,2899
781,2834,2877
782,31635,31638
783,2866,2912
784,2880,2928
785,2881,2929
786,2883,2932
787,2884,2931
788,2886,2934
789,2887,2935
790,2888,2936
791,2890,2938
792,2891,2939
793,2894,2942
794,2895,2943
795,2897,2945
796,2898,2946
797,2899,2947
798,32275,32278
799,31638,32278
800,2928,2970
801,2947,2989
802,32279,32282
803,31642,32282
804,3023,3070
805,3030,3078
806,3039,3087
807,3041,3089
808,3046,3094
809,29183,29186
810,29183,29835
811,29183,29836
812,29183,35453
813,43441,44504
814,43441,43444
815,43441,44503
816,29184,29836
817,31644,44504
818,31644,43444
819,31644,44503
820,17300,17343
821,3062,3110
822,3063,3111
823,3067,3114
824,3070,3118
825,3071,3119
826,3078,3125
827,3079,3126
828,3080,3127
829,3081,3128
830,3082,3129
831,3083,3130
832,3084,3131
833,3085,3132
834,3086,3133
835,3087,3134
836,3088,3135
837,3089,3136
838,3092,3139
839,3093,3140
840,3094,3141
841,3096,3143
842,31645,31648
843,31645,32285
844,32283,32286
845,43443,43446
846,44503,43817
847,44503,43818
848,44503,44506
849,31646,37819
850,34230,31648
851,34230,32285
852,43444,43817
853,43444,43818
854,43444,44506
855,44504,43817
856,44504,43818
857,44504,44506
858,17343,17406
859,17354,31648
860,17354,32285
861,3107,3154
862,3111,3158
863,3114,3160
864,3119,3165
865,3125,3172
866,3126,3173
867,3127,3174
868,3128,3175
869,3129,3176
870,3130,3177
871,3131,3178
872,3132,3179
873,3133,3180
874,3134,3181
875,3135,3182
876,3136,3183
877,3137,3184
878,3138,3185
879,3139,3186
880,3140,3187
881,3141,3188
882,3142,3189
883,3122,3169
884,29187,29840
885,29187,35457
886,29837,29840
887,31647,31650
888,31647,32287
889,32285,32288
890,32285,37821
891,29188,29840
892,31648,32288
893,34232,43448
894,34232,31650
895,34232,43447
896,17422,17461
897,17422,17462
898,17400,31650
899,17418,43448
900,17418,43447
901,3160,3209
902,3172,3221
903,3173,3222
904,3174,3223
905,3175,3225
906,3176,3224
907,3178,3227
908,3180,3229
909,3182,3231
910,3183,3232
911,3184,3233
912,3185,3234
913,3187,3236
914,3188,3237
915,3189,3238
916,31649,32289
917,31649,32290
918,31649,31652
919,31649,37823
920,32287,32290
921,31650,32290
922,34234,37823
923,3222,3264
924,3231,3273
925,3236,3278
926,31653,31656
927,17534,31656
928,17534,17558
929,32945,32948
930,32945,33631
931,43819,38411
932,43819,43822
933,44514,38411
934,44514,43822
935,3326,3374
936,3337,3384
937,3340,3387
938,29197,29200
939,29197,35465
940,29197,29848
941,29197,29847
942,31657,32296
943,31657,17648
944,31657,37829
945,32293,32296
946,32293,17648
947,32947,32950
948,34241,34244
949,31658,32296
950,31658,17648
951,35464,37829
952,17613,17656
953,17613,17644
954,17578,32296
955,17578,17648
956,17579,32296
957,17579,17648
958,3353,3401
959,3356,3405
960,3372,3419
961,3373,3421
962,3374,3420
963,3375,3423
964,3376,3422
965,3378,3425
966,3380,3427
967,3382,3429
968,3383,3430
969,3384,3431
970,3385,3432
971,3386,3433
972,3387,3434
973,3388,3435
974,3389,3436
975,3369,3416
976,31659,32297
977,31659,17730
978,31659,32298
979,31659,31662
980,32295,32298
981,34244,32297
982,34244,32298
983,34244,31662
984,17642,17730
985,17642,32298
986,3420,3464
987,3421,3465
988,3423,3467
989,3427,3471
990,3430,3474
991,3431,3475
992,3432,3476
993,3434,3478
994,3436,3480
995,29201,29204
996,31661,31664
997,31661,32299
998,32297,32300
999,31662,32300
1000,3450,3501
1001,3464,3516
1002,3467,3519
1003,3468,3520
1004,3472,3524
1005,3474,3526
1006,3475,3527
1007,3476,3528
1008,3478,3530
1009,3480,3532
1010,3482,3534
1011,31663,32302
1012,34248,32302
1013,29855,29858
1014,29855,35475
1015,31667,31670
1016,34252,31670
1017,3619,3671
1018,3622,3673
1019,3623,3674
1020,3627,3678
1021,29209,29212
1022,31669,31672
1023,31669,32307
1024,31669,32308
1025,33643,33646
1026,35475,35478
1027,36633,36636
1028,43455,43458
1029,43455,43827
1030,29858,35478
1031,34254,32307
1032,34254,32308
1033,17845,31672
1034,17845,32307
1035,17845,32308
1036,17845,17916
1037,17846,31672
1038,17846,32307
1039,17846,32308
1040,17846,17916
1041,3653,3699
1042,3659,3707
1043,3660,3708
1044,3668,3716
1045,3671,3719
1046,3672,3720
1047,3673,3721
1048,3674,3722
1049,3675,3723
1050,3676,3724
1051,3678,3726
1052,3679,3727
1053,3680,3728
1054,3682,3730
1055,3683,3731
1056,3685,3733
1057,3686,3734
1058,3664,3712
1059,31671,31674
1060,34255,34258
1061,35477,35480
1062,43457,44532
1063,43457,44531
1064,43457,43460
1065,43457,43829
1066,43827,38427
1067,43827,43830
1068,29860,35480
1069,43458,38427
1070,43458,43830
1071,3695,3745
1072,3701,3751
1073,3707,3757
1074,3716,3766
1075,3718,3768
1076,3719,3769
1077,3720,3770
1078,3721,3771
1079,3722,3772
1080,3723,3773
1081,3724,3774
1082,3725,3775
1083,3726,3776
1084,3727,3777
1085,3728,3778
1086,3729,3779
1087,3730,3780
1088,3731,3781
1089,3732,3782
1090,3733,3783
1091,3734,3784
1092,3712,3762
1093,31673,31676
1094,31673,32311
1095,43459,43462
1096,43829,43832
1097,43829,37845
1098,44531,43832
1099,44531,37845
1100,34258,31676
1101,34258,32311
1102,43460,43832
1103,43460,37845
1104,44532,43832
1105,44532,37845
1106,17967,32311
1107,3745,3793
1108,3765,3810
1109,3766,3812
1110,3768,3814
1111,3769,3813
1112,3770,3815
1113,3771,3816
1114,3772,3817
1115,3773,3818
1116,3774,3819
1117,3775,3820
1118,3776,3821
1119,3777,3822
1120,3778,3823
1121,3779,3824
1122,3780,3825
1123,3781,3826
1124,3782,3827
1125,3784,3829
1126,32311,32314
1127,32967,32970
1128,31676,32314
1129,3826,3867
1130,32315,32318
1131,31680,32318
1132,3903,3953
1133,3908,3958
1134,3909,3959
1135,3911,3961
1136,3913,3963
1137,3915,3965
1138,3919,3969
1139,3920,3970
1140,29869,29872
1141,29869,35489
1142,31681,32320
1143,32317,32320
1144,29224,29872
1145,29224,35489
1146,34266,32320
1147,18148,32320
1148,18149,32320
1149,3934,3982
1150,3954,3999
1151,3955,4000
1152,3956,4001
1153,3958,4003
1154,3959,4004
1155,3960,4005
1156,3961,4006
1157,3963,4008
1158,3964,4009
1159,3965,4010
1160,3967,4012
1161,3968,4013
1162,3969,4014
1163,3970,4015
1164,31683,32321
1165,31683,32322
1166,31683,31686
1167,32319,32322
1168,32319,37855
1169,35489,43467
1170,35489,35492
1171,29872,43467
1172,29872,35492
1173,34268,32321
1174,34268,32322
1175,18219,32321
1176,18219,32322
1177,18219,18286
1178,18219,31686
1179,3982,4025
1180,3986,4031
1181,3999,4043
1182,4000,4044
1183,4001,4046
1184,4003,4047
1185,4004,4048
1186,4008,4052
1187,4009,4053
1188,4010,4054
1189,4012,4056
1190,4013,4057
1191,4014,4058
1192,4015,4059
1193,4016,4060
1194,29873,29876
1195,31685,44539
1196,31685,43470
1197,43467,44539
1198,43467,43470
1199,35492,44539
1200,35492,43470
1201,4028,4074
1202,4043,4089
1203,4044,4090
1204,4046,4091
1205,4047,4093
1206,4048,4094
1207,4051,4097
1208,4052,4098
1209,4053,4099
1210,4056,4102
1211,4057,4103
1212,4058,4104
1213,4059,4105
1214,4060,4106
1215,31687,31690
1216,31687,32325
1217,44539,43843
1218,44539,43844
1219,44539,44542
1220,34272,31690
1221,34272,32325
1222,43470,43843
1223,43470,43844
1224,43470,44542
1225,18326,31690
1226,18326,32325
1227,18327,31690
1228,18327,32325
1229,4091,4130
1230,4094,4133
1231,4095,4134
1232,4096,4135
1233,4098,4137
1234,4099,4138
1235,4103,4142
1236,4104,4143
1237,30457,30460
1238,31691,32329
1239,31691,31694
1240,32327,32330
1241,44543,43846
1242,4171,4217
1243,4184,4231
1244,4187,4235
1245,4190,4237
1246,4192,4239
1247,4194,4241
1248,4195,4242
1249,4196,4243
1250,4197,4244
1251,4198,4245
1252,4200,4247
1253,30459,30462
1254,32329,32332
1255,31694,32332
1256,4213,4262
1257,4217,4266
1258,4224,4274
1259,4231,4282
1260,4233,4283
1261,4234,4286
1262,4235,4285
1263,4237,4288
1264,4238,4289
1265,4239,4290
1266,4240,4291
1267,4242,4293
1268,4244,4295
1269,4245,4296
1270,4246,4297
1271,4247,4298
1272,4248,4299
1273,4249,4300
1274,4250,4301
1275,31695,31698
1276,31695,32334
1277,33669,33672
1278,43847,43850
1279,34280,32334
1280,18518,32334
1281,18519,31698
1282,18519,32334
1283,4266,4313
1284,4282,4329
1285,4283,4331
1286,4286,4332
1287,4288,4335
1288,4289,4336
1289,4291,4338
1290,4295,4342
1291,4296,4343
1292,4299,4346
1293,4300,4347
1294,4301,4348
1295,43477,43480
1296,4313,4360
1297,4317,4364
1298,4329,4374
1299,4330,4376
1300,4331,4375
1301,4332,4377
1302,4335,4380
1303,4336,4381
1304,4338,4383
1305,4341,4386
1306,4342,4387
1307,4343,4388
1308,4346,4391
1309,4347,4392
1310,4348,4393
1311,31699,32338
1312,32335,32338
1313,31700,32338
1314,34284,32338
1315,18640,32338
1316,4375,4420
1317,4376,4419
1318,4379,4423
1319,4381,4425
1320,4382,4426
1321,4391,4435
1322,4392,4436
1323,4393,4437
1324,29247,29250
1325,43851,43854
1326,4474,4517
1327,4478,4520
1328,4480,4523
1329,4481,4524
1330,4492,4535
1331,29249,29252
1332,31705,31708
1333,31705,32343
1334,34290,31708
1335,34290,32343
1336,18782,18833
1337,18784,31708
1338,18784,32343
1339,18785,31708
1340,18785,32343
1341,4517,4562
1342,4518,4563
1343,4520,4565
1344,4522,4567
1345,4524,4569
1346,4525,4570
1347,4527,4572
1348,4530,4575
1349,4532,4577
1350,4534,4579
1351,4535,4580
1352,4536,4581
1353,29893,29896
1354,29893,35515
1355,31707,31710
1356,32343,32346
1357,35513,35516
1358,31708,32346
1359,4549,4597
1360,4550,4600
1361,4562,4613
1362,4563,4614
1363,4565,4616
1364,4567,4618
1365,4569,4620
1366,4570,4621
1367,4572,4623
1368,4575,4626
1369,4576,4627
1370,4579,4630
1371,4580,4631
1372,18876,18946
1373,4596,4645
1374,4597,4646
1375,4613,4660
1376,4614,4661
1377,4615,4662
1378,4616,4664
1379,4618,4665
1380,4620,4667
1381,4621,4668
1382,4622,4669
1383,4623,4670
1384,4626,4673
1385,4627,4674
1386,4629,4676
1387,4630,4677
1388,4631,4678
1389,31069,31072
1390,31069,31713
1391,33009,33012
1392,33009,18988
1393,33009,33687
1394,18974,31072
1395,33015,33018
1396,43859,43862
1397,43490,43862
1398,4767,4814
1399,4769,4816
1400,4775,4822
1401,4778,4825
1402,29263,29905
1403,29263,29266
1404,29263,29906
1405,29903,29906
1406,30483,30486
1407,33017,33020
1408,29264,29906
1409,34304,43491
1410,19038,19097
1411,19038,19100
1412,19042,19086
1413,19042,19087
1414,19058,19086
1415,19041,19086
1416,4796,4843
1417,4809,4857
1418,4811,4859
1419,4812,4860
1420,4814,4862
1421,4816,4864
1422,4817,4865
1423,4818,4866
1424,4820,4868
1425,4821,4869
1426,4822,4870
1427,4824,4872
1428,4825,4873
1429,4826,4874
1430,4827,4875
1431,29905,29908
1432,29905,35527
1433,33019,33022
1434,33019,33695
1435,43491,44553
1436,43491,44554
1437,43491,43494
1438,4856,4908
1439,4857,4909
1440,4858,4910
1441,4860,4912
1442,4861,4913
1443,4862,4914
1444,4863,4915
1445,4864,4916
1446,4865,4917
1447,4866,4918
1448,4867,4919
1449,4868,4920
1450,4869,4921
1451,4870,4922
1452,4871,4923
1453,4872,4924
1454,4873,4925
1455,4874,4926
1456,4875,4927
1457,29267,29270
1458,31723,31726
1459,31723,43495
1460,35527,35530
1461,29908,35530
1462,34308,43495
1463,19190,43495
1464,4910,4954
1465,4912,4956
1466,4913,4958
1467,4915,4960
1468,4916,4961
1469,4917,4962
1470,4919,4964
1471,4920,4965
1472,4921,4966
1473,4922,4967
1474,4924,4969
1475,4925,4970
1476,32359,32362
1477,32359,37895
1478,4966,5007
1479,33027,33030
1480,5058,5108
1481,5065,5115
1482,5070,5120
1483,29275,29278
1484,31731,32368
1485,43499,43502
1486,19415,29278
1487,19369,19437
1488,19370,19437
1489,5087,5137
1490,5089,5138
1491,5103,5151
1492,5104,5152
1493,5105,5153
1494,5106,5155
1495,5107,5154
1496,5108,5156
1497,5111,5159
1498,5113,5161
1499,5114,5162
1500,5115,5163
1501,5116,5164
1502,5117,5165
1503,5118,5166
1504,5119,5167
1505,5120,5168
1506,5121,5169
1507,5122,5170
1508,31733,32370
1509,31733,37903
1510,32367,32370
1511,34317,34320
1512,29278,46792
1513,29278,46544
1514,29278,46543
1515,29278,46791
1516,31734,32370
1517,34318,32370
1518,19432,32370
1519,19433,32370
1520,5137,5186
1521,5138,5187
1522,5151,5200
1523,5152,5202
1524,5153,5201
1525,5155,5203
1526,5156,5205
1527,5157,5206
1528,5159,5208
1529,5160,5209
1530,5161,5210
1531,5162,5211
1532,5163,5212
1533,5164,5213
1534,5165,5214
1535,5167,5216
1536,5168,5217
1537,5170,5219
1538,29279,29282
1539,32369,37905
1540,32369,32372
1541,46543,37905
1542,46543,32372
1543,46791,37905
1544,46791,32372
1545,34320,37905
1546,34320,32372
1547,46544,37905
1548,46544,32372
1549,46792,37905
1550,46792,32372
1551,19499,32372
1552,19510,37905
1553,19510,32372
1554,5187,5232
1555,5200,5244
1556,5202,5245
1557,5203,5247
1558,5205,5249
1559,5206,5250
1560,5208,5252
1561,5210,5254
1562,5211,5255
1563,5212,5256
1564,5213,5257
1565,5214,5258
1566,5216,5260
1567,5217,5261
1568,5219,5263
1569,31737,43878
1570,43505,19585
1571,43505,37907
1572,43505,43878
1573,43875,19585
1574,43875,43878
1575,31738,19585
1576,31738,43878
1577,34322,43878
1578,43506,19585
1579,43506,37907
1580,43506,43878
1581,19549,19585
1582,19550,19585
1583,19550,43878
1584,5244,5286
1585,5261,5302
1586,31741,31744
1587,31741,43881
1588,31741,43509
1589,31741,43510
1590,32375,32378
1591,36119,36705
1592,43879,43882
1593,34326,31744
1594,34326,43881
1595,34326,43509
1596,34326,43510
1597,43508,43882
1598,19611,31744
1599,19611,43881
1600,19611,43509
1601,19611,43510
1602,5348,5395
1603,5352,5399
1604,5360,5407
1605,5362,5409
1606,5363,5410
1607,5366,5413
1608,29287,29930
1609,29287,35549
1610,32377,32380
1611,33045,33048
1612,43509,43884
1613,43881,43884
1614,31744,19698
1615,31744,43884
1616,43510,43884
1617,19643,19704
1618,19643,19699
1619,5383,5433
1620,5386,5436
1621,5394,5444
1622,5395,5446
1623,5397,5447
1624,5399,5449
1625,5401,5451
1626,5402,5452
1627,5403,5453
1628,5404,5454
1629,5405,5455
1630,5406,5456
1631,5407,5457
1632,5408,5458
1633,5410,5460
1634,5411,5461
1635,5413,5463
1636,32379,32382
1637,5424,5473
1638,5428,5477
1639,5436,5483
1640,5437,5484
1641,5444,5489
1642,5445,5490
1643,5446,5491
1644,5447,5492
1645,5448,5493
1646,5449,5494
1647,5451,5496
1648,5452,5497
1649,5453,5498
1650,5454,5499
1651,5456,5501
1652,5460,5505
1653,5461,5506
1654,5463,5508
1655,30511,42113
1656,30511,30514
1657,31747,31750
1658,31747,32383
1659,32381,32384
1660,43885,43888
1661,31748,32384
1662,34332,31750
1663,34332,32383
1664,43514,43888
1665,19773,31750
1666,5477,5521
1667,5483,5529
1668,5489,5537
1669,5491,5538
1670,5492,5541
1671,5493,5540
1672,5494,5542
1673,5495,5543
1674,5496,5544
1675,5497,5545
1676,5498,5546
1677,5499,5547
1678,5501,5549
1679,5504,5552
1680,5505,5553
1681,5506,5554
1682,5508,5556
1683,30513,30516
1684,32383,32386
1685,5538,5579
1686,5551,5591
1687,32387,32390
1688,31754,32390
1689,5628,5674
1690,5635,5681
1691,5640,5686
1692,5644,5690
1693,5645,5691
1694,32389,32392
1695,31756,32392
1696,5663,5708
1697,5674,5722
1698,5676,5723
1699,5677,5726
1700,5678,5725
1701,5679,5727
1702,5681,5729
1703,5682,5730
1704,5683,5731
1705,5684,5732
1706,5686,5734
1707,5687,5735
1708,5690,5738
1709,5691,5739
1710,31757,31760
1711,31757,32393
1712,32391,32394
1713,31758,32394
1714,5705,5755
1715,5706,5756
1716,5708,5758
1717,5722,5770
1718,5723,5771
1719,5724,5772
1720,5729,5777
1721,5730,5778
1722,5731,5779
1723,5734,5782
1724,5735,5783
1725,5736,5784
1726,5737,5785
1727,5738,5786
1728,5739,5787
1729,5740,5788
1730,29305,29308
1731,31759,31762
1732,31759,32395
1733,33063,33066
1734,34344,31762
1735,34344,32395
1736,20094,31762
1737,20094,32395
1738,20094,20148
1739,20131,31762
1740,5756,5806
1741,5760,5810
1742,5770,5820
1743,5771,5822
1744,5772,5821
1745,5777,5827
1746,5778,5828
1747,5779,5829
1748,5781,5831
1749,5782,5832
1750,5783,5833
1751,5784,5834
1752,5785,5835
1753,5786,5836
1754,5787,5837
1755,5788,5838
1756,5789,5839
1757,31761,31764
1758,31761,32397
1759,32395,32398
1760,34346,32397
1761,5820,5861
1762,5826,5867
1763,5831,5872
1764,5835,5876
1765,5836,5877
1766,5839,5880
1767,31765,31768
1768,31765,32401
1769,31765,32402
1770,20262,32402
1771,20262,20308
1772,20263,20308
1773,5906,5955
1774,5922,5970
1775,5923,5972
1776,5927,5975
1777,5928,5976
1778,5929,5977
1779,5930,5978
1780,5932,5980
1781,5934,5982
1782,5935,5983
1783,5936,5984
1784,5937,5985
1785,5938,5986
1786,5939,5987
1787,29313,29952
1788,29313,35571
1789,29313,35572
1790,34352,32404
1791,20311,20421
1792,20322,20423
1793,20323,20423
1794,5951,6000
1795,5957,6006
1796,5962,6011
1797,5970,6019
1798,5971,6020
1799,5972,6021
1800,5973,6022
1801,5974,6023
1802,5975,6024
1803,5976,6025
1804,5977,6026
1805,5978,6027
1806,5979,6028
1807,5980,6029
1808,5981,6030
1809,5982,6031
1810,5984,6033
1811,5985,6034
1812,5986,6035
1813,5987,6036
1814,5988,6037
1815,5989,6038
1816,33741,33744
1817,41547,41550
1818,41547,31127
1819,35572,37939
1820,6003,6050
1821,6006,6053
1822,6011,6056
1823,6019,6064
1824,6021,6066
1825,6023,6067
1826,6024,6069
1827,6025,6070
1828,6026,6071
1829,6027,6072
1830,6028,6073
1831,6029,6074
1832,6030,6075
1833,6031,6076
1834,6033,6078
1835,6034,6079
1836,6035,6080
1837,6036,6081
1838,6037,6082
1839,6038,6083
1840,31771,37941
1841,31771,20533
1842,31771,32407
1843,31771,32408
1844,31771,31774
1845,43529,43897
1846,43529,43532
1847,34356,37941
1848,34356,20533
1849,34356,32407
1850,34356,32408
1851,34356,31774
1852,20523,20543
1853,20483,32408
1854,20483,20533
1855,6050,6096
1856,6053,6099
1857,6055,6101
1858,6057,6103
1859,6066,6110
1860,6067,6112
1861,6069,6113
1862,6070,6114
1863,6071,6115
1864,6072,6116
1865,6073,6117
1866,6074,6118
1867,6075,6119
1868,6076,6120
1869,6078,6122
1870,6079,6123
1871,6080,6124
1872,6081,6125
1873,6083,6127
1874,6061,6105
1875,31129,31132
1876,31773,31776
1877,31773,32410
1878,41552,31132
1879,20548,20590
1880,20548,20591
1881,20540,31776
1882,6113,6154
1883,6122,6163
1884,6125,6166
1885,33083,33749
1886,33083,33086
1887,29959,29962
1888,29959,35581
1889,29959,35582
1890,29326,29962
1891,29326,35581
1892,29326,35582
1893,20636,20665
1894,6199,6246
1895,6200,6248
1896,6214,6262
1897,6215,6265
1898,6217,6266
1899,6218,6267
1900,6220,6269
1901,6222,6271
1902,6224,6273
1903,6226,6275
1904,6228,6277
1905,6229,6278
1906,6230,6279
1907,29327,35584
1908,29327,29964
1909,29327,35583
1910,29961,29964
1911,29961,35583
1912,29328,29964
1913,29328,35583
1914,20671,20728
1915,20671,20727
1916,6241,6289
1917,6245,6292
1918,6250,6297
1919,6254,6300
1920,6262,6310
1921,6263,6309
1922,6264,6311
1923,6266,6313
1924,6267,6314
1925,6268,6315
1926,6269,6316
1927,6270,6317
1928,6271,6318
1929,6272,6319
1930,6275,6322
1931,6276,6323
1932,6277,6324
1933,6278,6325
1934,6279,6326
1935,31783,32418
1936,32415,32418
1937,34367,34370
1938,35583,38541
1939,43539,43907
1940,43539,43908
1941,43539,43542
1942,29964,38541
1943,31784,32418
1944,33754,34370
1945,20725,20810
1946,6289,6335
1947,6292,6339
1948,6309,6357
1949,6310,6356
1950,6311,6358
1951,6313,6360
1952,6314,6361
1953,6315,6362
1954,6316,6363
1955,6317,6364
1956,6318,6365
1957,6319,6366
1958,6322,6369
1959,6323,6370
1960,6324,6371
1961,6325,6372
1962,6326,6373
1963,6305,6352
1964,31785,32420
1965,32417,32420
1966,34370,32420
1967,6335,6383
1968,6339,6386
1969,6342,6389
1970,6355,6402
1971,6356,6404
1972,6357,6403
1973,6360,6407
1974,6361,6408
1975,6362,6409
1976,6364,6411
1977,6365,6412
1978,6366,6413
1979,6367,6414
1980,6369,6416
1981,6370,6417
1982,6371,6418
1983,6372,6419
1984,6373,6420
1985,6374,6421
1986,31787,32422
1987,32419,32422
1988,31788,32422
1989,34372,32422
1990,31791,32425
1991,31791,31794
1992,33761,33764
1993,20943,32425
1994,20943,31794
1995,6494,6542
1996,6496,6544
1997,6499,6546
1998,6501,6548
1999,6504,6551
2000,6510,6557
2001,29341,29976
2002,29341,35593
2003,29973,29976
2004,29973,35593
2005,32425,32428
2006,34377,34380
2007,43545,43916
2008,43913,43916
2009,29342,29976
2010,29342,35593
2011,43546,43916
2012,20980,21036
2013,20980,21037
2014,20971,21069
2015,6525,6571
2016,6526,6572
2017,6528,6574
2018,6529,6581
2019,6541,6589
2020,6542,6590
2021,6543,6592
2022,6544,6591
2023,6545,6593
2024,6546,6594
2025,6548,6596
2026,6549,6597
2027,6550,6598
2028,6551,6599
2029,6552,6600
2030,6554,6602
2031,6556,6604
2032,6557,6605
2033,6559,6607
2034,6537,6585
2035,31151,31154
2036,31795,31798
2037,31795,32429
2038,31795,32430
2039,35593,35596
2040,41569,31153
2041,29976,35596
2042,41570,31154
2043,6571,6620
2044,6572,6622
2045,6574,6623
2046,6580,6627
2047,6589,6637
2048,6590,6636
2049,6591,6639
2050,6592,6638
2051,6593,6640
2052,6594,6641
2053,6596,6643
2054,6597,6644
2055,6598,6645
2056,6599,6646
2057,6600,6647
2058,6601,6648
2059,6602,6649
2060,6603,6650
2061,6604,6651
2062,6605,6652
2063,6607,6654
2064,6585,6632
2065,29345,29980
2066,43549,43920
2067,43549,38555
2068,43917,43920
2069,44581,43920
2070,44581,38555
2071,43550,43920
2072,44582,43920
2073,44582,38555
2074,6636,6682
2075,6638,6684
2076,6639,6685
2077,6641,6687
2078,6643,6689
2079,6645,6691
2080,6646,6692
2081,6647,6693
2082,6649,6695
2083,6650,6696
2084,6652,6698
2085,6654,6700
2086,32431,32434
2087,6682,6724
2088,6700,6741
2089,31803,37971
2090,31803,32438
2091,34388,37971
2092,21264,37971
2093,21264,32438
2094,6786,6829
2095,6791,6834
2096,31161,31164
2097,31805,31808
2098,31805,32440
2099,32437,32440
2100,6814,6859
2101,6827,6875
2102,6828,6874
2103,6830,6876
2104,6832,6879
2105,6834,6881
2106,6835,6882
2107,6838,6885
2108,6841,6888
2109,6843,6890
2110,6845,6892
2111,6823,6870
2112,31807,32442
2113,31807,32441
2114,31807,31810
2115,32439,32442
2116,34392,32441
2117,34392,32442
2118,21370,32441
2119,21370,32442
2120,21371,32441
2121,21371,32442
2122,6865,6913
2123,6866,6914
2124,6874,6923
2125,6875,6922
2126,6876,6924
2127,6879,6927
2128,6882,6930
2129,6883,6931
2130,6885,6933
2131,6888,6936
2132,6889,6937
2133,6890,6938
2134,6891,6939
2135,6892,6940
2136,6870,6918
2137,31809,32444
2138,31809,43558
2139,31809,43927
2140,37975,37978
2141,43555,43558
2142,43555,43927
2143,34394,32444
2144,21416,32444
2145,6921,6967
2146,6923,6969
2147,6925,6970
2148,6928,6974
2149,6930,6976
2150,6931,6977
2151,6933,6979
2152,6934,6980
2153,6935,6981
2154,6937,6983
2155,6938,6984
2156,6940,6986
2157,31811,32446
2158,32443,32446
2159,43927,43930
2160,31812,32446
2161,34396,32446
2162,43558,43930
2163,6972,7009
2164,29995,35614
2165,31815,32449
2166,31815,32450
2167,31815,31818
2168,33785,33788
2169,33785,41591
2170,35611,35614
2171,29366,35614
2172,29996,35614
2173,34400,32449
2174,34400,32450
2175,7062,7109
2176,7063,7111
2177,7067,7114
2178,7068,7115
2179,7074,7121
2180,7078,7125
2181,29367,35615
2182,31817,35179
2183,31817,35180
2184,41591,41594
2185,41591,31175
2186,43559,43562
2187,43559,43933
2188,43559,43934
2189,43931,43934
2190,34402,34896
2191,34402,35179
2192,34402,35180
2193,34402,34895
2194,43560,43934
2195,21573,21655
2196,7101,7152
2197,7109,7160
2198,7110,7161
2199,7111,7162
2200,7112,7163
2201,7113,7164
2202,7114,7165
2203,7115,7166
2204,7116,7167
2205,7118,7169
2206,7119,7170
2207,7120,7171
2208,7121,7172
2209,7122,7173
2210,7123,7174
2211,7124,7175
2212,7127,7178
2213,7128,7179
2214,31175,31178
2215,31819,32454
2216,32451,32454
2217,43933,43936
2218,31820,32454
2219,34404,32454
2220,43562,43936
2221,21650,21724
2222,21650,32454
2223,21651,21724
2224,21651,32454
2225,7152,7201
2226,7160,7209
2227,7161,7210
2228,7162,7211
2229,7163,7213
2230,7164,7212
2231,7165,7214
2232,7167,7216
2233,7169,7218
2234,7170,7219
2235,7171,7220
2236,7172,7221
2237,7173,7222
2238,7174,7223
2239,7175,7224
2240,7178,7227
2241,7179,7228
2242,7157,7206
2243,29371,35619
2244,29371,30004
2245,33791,33794
2246,29372,35619
2247,29372,30004
2248,21725,21777
2249,21725,21779
2250,7193,7240
2251,7195,7242
2252,7202,7247
2253,7209,7254
2254,7210,7255
2255,7211,7256
2256,7212,7258
2257,7213,7257
2258,7214,7259
2259,7217,7262
2260,7218,7263
2261,7219,7264
2262,7220,7265
2263,7223,7268
2264,7224,7269
2265,7225,7270
2266,7226,7271
2267,7227,7272
2268,7228,7273
2269,31823,32458
2270,32455,32458
2271,31824,32458
2272,34408,32458
2273,21787,32458
2274,7273,7308
2275,31827,44587
2276,31827,43566
2277,32459,32462
2278,33797,33800
2279,43563,44587
2280,43563,43566
2281,31828,44587
2282,31828,43566
2283,34412,44587
2284,34412,43566
2285,21865,21911
2286,21866,21911
2287,7355,7402
2288,7356,7403
2289,7360,7407
2290,7364,7411
2291,7366,7413
2292,7372,7419
2293,7374,7421
2294,31829,32464
2295,44587,43937
2296,44587,43938
2297,44587,37997
2298,44587,44590
2299,34414,32464
2300,43566,43937
2301,43566,43938
2302,43566,37997
2303,43566,44590
2304,7394,7443
2305,7395,7444
2306,7402,7451
2307,7403,7452
2308,7404,7453
2309,7405,7454
2310,7406,7455
2311,7407,7456
2312,7409,7458
2313,7411,7460
2314,7413,7462
2315,7414,7463
2316,7417,7466
2317,7419,7468
2318,7420,7469
2319,7421,7470
2320,31831,43568
2321,34416,43568
2322,34416,43939
2323,34416,43567
2324,7435,7480
2325,7438,7483
2326,7439,7485
2327,7443,7488
2328,7451,7495
2329,7452,7496
2330,7453,7497
2331,7455,7498
2332,7456,7500
2333,7458,7502
2334,7460,7504
2335,7462,7506
2336,7463,7507
2337,7465,7509
2338,7466,7510
2339,7468,7512
2340,7469,7513
2341,7470,7514
2342,29383,30016
2343,29383,35631
2344,30013,30016
2345,30013,35631
2346,31833,32468
2347,32465,32468
2348,43567,43942
2349,43939,43942
2350,44591,43942
2351,29384,35631
2352,31834,22081
2353,31834,32468
2354,34418,32468
2355,43568,43942
2356,44592,43942
2357,22028,22078
2358,22028,22079
2359,22024,22081
2360,22024,32468
2361,7478,7526
2362,7483,7532
2363,7495,7545
2364,7496,7546
2365,7498,7548
2366,7500,7550
2367,7503,7553
2368,7504,7554
2369,7506,7556
2370,7507,7557
2371,7508,7558
2372,7509,7559
2373,7510,7560
2374,7512,7562
2375,7513,7563
2376,7514,7564
2377,22077,22130
2378,22077,22131
2379,31841,43574
2380,31841,43943
2381,32469,32472
2382,43571,43944
2383,43571,43574
2384,43571,43943
2385,31842,43944
2386,31842,43574
2387,31842,43943
2388,34426,43574
2389,34426,43943
2390,22157,43943
2391,7641,7688
2392,7642,7690
2393,7650,7697
2394,7653,7700
2395,7655,7702
2396,7659,7706
2397,7660,7707
2398,31843,32474
2399,43573,43576
2400,22228,22277
2401,22210,22288
2402,7675,7725
2403,7688,7738
2404,7689,7740
2405,7690,7739
2406,7694,7744
2407,7695,7745
2408,7696,7746
2409,7698,7748
2410,7700,7750
2411,7701,7751
2412,7702,7752
2413,7703,7753
2414,7705,7755
2415,7707,7757
2416,30605,30608
2417,35641,35644
2418,41617,41620
2419,41617,31199
2420,43945,43948
2421,30024,35644
2422,33814,41620
2423,33814,31199
2424,43576,43948
2425,22285,22329
2426,7720,7768
2427,7725,7775
2428,7738,7788
2429,7739,7789
2430,7740,7790
2431,7742,7791
2432,7744,7794
2433,7745,7795
2434,7746,7796
2435,7748,7798
2436,7750,7800
2437,7751,7801
2438,7752,7802
2439,7753,7803
2440,7755,7805
2441,7757,7807
2442,7735,7785
2443,31847,32478
2444,43577,38013
2445,43577,43950
2446,43947,38013
2447,43947,43950
2448,44595,38013
2449,44595,43950
2450,43578,38013
2451,43578,43950
2452,44596,38013
2453,44596,43950
2454,7788,7835
2455,7789,7836
2456,7790,7837
2457,7792,7838
2458,7793,7840
2459,7795,7842
2460,7796,7843
2461,7797,7844
2462,7800,7847
2463,7802,7849
2464,7803,7850
2465,7804,7851
2466,7805,7852
2467,7807,7854
2468,31849,32480
2469,31849,31852
2470,31849,32479
2471,33163,33166
2472,31853,43584
2473,31853,43955
2474,31853,43956
2475,32481,32484
2476,43581,43584
2477,43581,43955
2478,31854,43584
2479,31854,43955
2480,34438,43584
2481,34438,43955
2482,34438,43956
2483,22472,43584
2484,22472,43955
2485,22473,43584
2486,22473,43955
2487,7936,7984
2488,7938,7985
2489,7942,7989
2490,7943,7990
2491,7951,7998
2492,7952,7999
2493,31855,43586
2494,31855,43957
2495,43583,43586
2496,43583,43957
2497,43955,43958
2498,43584,43958
2499,7970,8018
2500,7974,8022
2501,7975,8023
2502,7983,8032
2503,7984,8031
2504,7985,8034
2505,7986,8033
2506,7987,8035
2507,7988,8036
2508,7989,8037
2509,7990,8038
2510,7991,8039
2511,7992,8040
2512,7993,8041
2513,7995,8043
2514,7996,8044
2515,7997,8045
2516,7998,8046
2517,7999,8047
2518,8001,8049
2519,29405,29408
2520,29405,30037
2521,30617,30620
2522,43585,43960
2523,43957,43960
2524,43586,43960
2525,8011,8055
2526,8018,8061
2527,8022,8066
2528,8023,8067
2529,8030,8074
2530,8031,8076
2531,8032,8075
2532,8033,8078
2533,8034,8077
2534,8035,8079
2535,8037,8081
2536,8039,8083
2537,8040,8084
2538,8041,8085
2539,8042,8086
2540,8043,8087
2541,8045,8089
2542,8046,8090
2543,8047,8091
2544,8048,8092
2545,8049,8093
2546,30037,30040
2547,30037,35657
2548,36225,36820
2549,29408,30040
2550,29408,35657
2551,8067,8114
2552,8074,8121
2553,8076,8122
2554,8077,8124
2555,8079,8126
2556,8085,8132
2557,8086,8133
2558,8089,8136
2559,8090,8137
2560,8092,8139
2561,8093,8140
2562,31861,31864
2563,31861,32491
2564,34446,31864
2565,34446,32491
2566,8121,8162
2567,31865,43587
2568,31865,43588
2569,34450,44603
2570,34450,43587
2571,34450,43588
2572,8210,8256
2573,8222,8267
2574,8226,8271
2575,8227,8272
2576,8228,8273
2577,8230,8275
2578,8234,8279
2579,8235,8280
2580,8237,8282
2581,8238,8283
2582,8239,8284
2583,8240,8285
2584,8241,8286
2585,30045,30048
2586,30045,35665
2587,31867,32497
2588,31867,31870
2589,43587,43961
2590,43587,44606
2591,44603,43961
2592,44603,44606
2593,29418,30048
2594,29418,35665
2595,34452,32497
2596,34452,31870
2597,43588,43961
2598,43588,44606
2599,22795,31870
2600,22796,31870
2601,8267,8315
2602,8271,8318
2603,8272,8320
2604,8273,8321
2605,8274,8322
2606,8277,8325
2607,8281,8329
2608,8283,8331
2609,8284,8332
2610,8285,8333
2611,8286,8334
2612,31869,31872
2613,31869,32499
2614,31869,32500
2615,43961,43964
2616,44606,43964
2617,22843,31872
2618,22843,32499
2619,22843,32500
2620,22844,32499
2621,8302,8347
2622,8315,8361
2623,8316,8362
2624,8318,8364
2625,8320,8366
2626,8321,8367
2627,8322,8368
2628,8325,8371
2629,8329,8375
2630,8331,8377
2631,8332,8378
2632,8333,8379
2633,8334,8380
2634,8312,8358
2635,29421,29424
2636,31871,32501
2637,31871,32502
2638,39213,39216
2639,45460,39216
2640,8343,8388
2641,8347,8392
2642,8354,8400
2643,8361,8406
2644,8362,8407
2645,8364,8410
2646,8366,8411
2647,8369,8414
2648,8370,8415
2649,8371,8416
2650,8373,8418
2651,8375,8420
2652,8377,8422
2653,8378,8423
2654,8380,8425
2655,31873,32504
2656,32501,32504
2657,33191,33194
2658,22965,22990
2659,31877,38041
2660,32505,32508
2661,31878,32508
2662,8487,8533
2663,8493,8541
2664,8502,8550
2665,8503,8551
2666,8504,8553
2667,8510,8558
2668,8511,8559
2669,8513,8561
2670,8515,8563
2671,8519,8567
2672,8520,8568
2673,31879,31882
2674,31879,32509
2675,31879,32510
2676,34464,32510
2677,23046,31882
2678,23046,32509
2679,23046,32510
2680,23047,31882
2681,23047,32509
2682,23047,32510
2683,8532,8579
2684,8542,8588
2685,8549,8594
2686,8550,8595
2687,8551,8596
2688,8552,8597
2689,8553,8598
2690,8554,8599
2691,8555,8600
2692,8556,8601
2693,8557,8602
2694,8558,8603
2695,8559,8604
2696,8560,8605
2697,8561,8606
2698,8563,8608
2699,8565,8610
2700,8566,8611
2701,8567,8612
2702,8568,8613
2703,8546,8591
2704,32509,32512
2705,31882,32512
2706,8577,8623
2707,8579,8627
2708,8594,8642
2709,8595,8644
2710,8597,8646
2711,8599,8647
2712,8600,8648
2713,8602,8650
2714,8603,8651
2715,8605,8653
2716,8606,8654
2717,8608,8656
2718,8610,8658
2719,8611,8659
2720,8612,8660
2721,30643,23259
2722,31883,32514
2723,31883,31886
2724,45799,46084
2725,34468,32513
2726,23193,32513
2727,23205,23259
2728,8623,8669
2729,8627,8672
2730,8635,8681
2731,8642,8688
2732,8644,8689
2733,8646,8691
2734,8647,8693
2735,8648,8694
2736,8650,8696
2737,8651,8697
2738,8653,8699
2739,8654,8700
2740,8655,8701
2741,8656,8702
2742,8658,8704
2743,8659,8705
2744,8660,8706
2745,30645,30648
2746,46084,32516
2747,8699,8735
2748,31889,32520
2749,31889,31892
2750,31889,38053
2751,31889,32519
2752,34474,32520
2753,34474,31892
2754,34474,32519
2755,23322,32520
2756,23322,31892
2757,23322,32519
2758,8761,8809
2759,8763,8810
2760,8779,8827
2761,8788,8836
2762,8790,8838
2763,8793,8841
2764,31891,32522
2765,8804,8852
2766,8809,8855
2767,8826,8870
2768,8827,8872
2769,8828,8873
2770,8829,8874
2771,8830,8875
2772,8832,8877
2773,8833,8878
2774,8834,8879
2775,8835,8880
2776,8836,8881
2777,8837,8882
2778,8838,8883
2779,8839,8884
2780,8841,8886
2781,8842,8887
2782,30653,30656
2783,31893,31896
2784,34478,31896
2785,23417,23462
2786,23417,23463
2787,8854,8898
2788,8855,8899
2789,8861,8906
2790,8869,8914
2791,8870,8915
2792,8872,8917
2793,8873,8918
2794,8874,8919
2795,8877,8922
2796,8878,8923
2797,8879,8924
2798,8880,8925
2799,8882,8927
2800,8883,8928
2801,8884,8929
2802,8885,8930
2803,8886,8931
2804,8887,8932
2805,8888,8933
2806,31895,31898
2807,31895,32525
2808,31895,32526
2809,43599,43978
2810,43975,43978
2811,43975,38661
2812,34480,31898
2813,34480,32525
2814,34480,32526
2815,43600,43978
2816,23477,23536
2817,23477,23537
2818,23470,31898
2819,23470,32525
2820,23471,31898
2821,23471,32525
2822,8898,8944
2823,8899,8946
2824,8902,8948
2825,8916,8961
2826,8917,8963
2827,8918,8964
2828,8919,8965
2829,8922,8968
2830,8923,8969
2831,8924,8970
2832,8925,8971
2833,8927,8973
2834,8928,8974
2835,8929,8975
2836,8931,8977
2837,8932,8978
2838,8933,8979
2839,8911,8957
2840,34482,32527
2841,31901,35212
2842,29453,35697
2843,29453,30082
2844,31903,32532
2845,33225,33228
2846,33869,33872
2847,43603,44618
2848,43603,43981
2849,43603,43982
2850,43603,38065
2851,43603,23679
2852,44615,44618
2853,44615,43981
2854,44615,43982
2855,44615,38065
2856,44615,23679
2857,31904,38065
2858,31904,44618
2859,31904,43981
2860,31904,43982
2861,43604,44618
2862,43604,43981
2863,43604,43982
2864,43604,38065
2865,43604,23679
2866,44616,44618
2867,44616,43981
2868,44616,43982
2869,44616,23679
2870,23645,23667
2871,23645,23668
2872,23606,23664
2873,9067,9116
2874,9069,9119
2875,9070,9118
2876,9071,9120
2877,9073,9122
2878,9074,9123
2879,9075,9124
2880,9076,9125
2881,9077,9126
2882,9079,9128
2883,9080,9129
2884,9081,9130
2885,9082,9131
2886,9083,9132
2887,9085,9134
2888,29455,35699
2889,29455,30084
2890,31905,32534
2891,32531,32534
2892,33871,33874
2893,31906,32534
2894,23659,23734
2895,23659,23735
2896,9100,9147
2897,9104,9151
2898,9116,9163
2899,9118,9165
2900,9119,9166
2901,9120,9167
2902,9122,9169
2903,9123,9170
2904,9124,9171
2905,9125,9172
2906,9126,9173
2907,9127,9174
2908,9128,9175
2909,9129,9176
2910,9130,9177
2911,9131,9178
2912,9133,9180
2913,9134,9181
2914,9112,9159
2915,30665,30668
2916,31907,32536
2917,32533,32536
2918,34491,34494
2919,34492,32536
2920,34492,38671
2921,23737,32536
2922,23738,32536
2923,9162,9210
2924,9165,9214
2925,9166,9213
2926,9167,9215
2927,9170,9218
2928,9172,9220
2929,9173,9221
2930,9175,9223
2931,9176,9224
2932,9177,9225
2933,9178,9226
2934,9180,9228
2935,9181,9229
2936,30667,30670
2937,31909,31912
2938,31909,32537
2939,31909,32538
2940,31909,38071
2941,34494,31912
2942,34494,32537
2943,34494,32538
2944,34494,38071
2945,23819,23868
2946,23819,23869
2947,23820,31912
2948,23820,32537
2949,23820,32538
2950,23820,38071
2951,9210,9257
2952,9213,9260
2953,9214,9261
2954,9215,9262
2955,9218,9265
2956,9220,9267
2957,9223,9270
2958,9226,9273
2959,31911,9289
2960,31911,31914
2961,31911,32539
2962,31911,32540
2963,42265,42268
2964,34496,31914
2965,34496,32539
2966,34496,32540
2967,35704,31914
2968,35704,32539
2969,23895,32540
2970,23896,32540
2971,30089,30092
2972,31915,31918
2973,34500,31918
2974,9342,9390
2975,9350,9398
2976,9351,9399
2977,9352,9400
2978,9354,9402
2979,9355,9403
2980,9358,9406
2981,9362,9410
2982,9366,9414
2983,9367,9415
2984,9368,9416
2985,30091,35710
2986,31917,44619
2987,33881,33884
2988,35707,35710
2989,42271,42274
2990,29470,35710
2991,30092,35710
2992,9399,9448
2993,9400,9447
2994,9401,9450
2995,9403,9451
2996,9404,9452
2997,9405,9453
2998,9406,9454
2999,9408,9456
3000,9409,9457
3001,9410,9458
3002,9411,9459
3003,9414,9462
3004,9416,9464
3005,9417,9465
3006,30675,24131
3007,30675,42275
3008,30675,30678
3009,33243,24131
3010,33883,33886
3011,43613,43990
3012,43613,43989
3013,43613,44622
3014,44619,43990
3015,44619,43989
3016,44619,44622
3017,31920,43989
3018,33244,24131
3019,24044,24122
3020,24044,24131
3021,9439,9487
3022,9447,9496
3023,9448,9495
3024,9451,9499
3025,9452,9500
3026,9453,9501
3027,9454,9502
3028,9458,9506
3029,9459,9507
3030,9460,9508
3031,9461,9509
3032,9462,9510
3033,9464,9512
3034,9465,9513
3035,31921,31924
3036,31921,32549
3037,43989,43992
3038,9487,9534
3039,9495,9542
3040,9496,9543
3041,9498,9544
3042,9499,9546
3043,9500,9547
3044,9508,9555
3045,9509,9556
3046,9510,9557
3047,9512,9559
3048,9513,9560
3049,31923,31926
3050,31923,32551
3051,34508,32551
3052,24163,32551
3053,31927,32556
3054,43619,44625
3055,43619,44626
3056,43619,43622
3057,29482,30102
3058,29482,35719
3059,34512,32556
3060,24231,32556
3061,24232,32556
3062,9621,9667
3063,9625,9672
3064,9629,9676
3065,9637,9685
3066,9638,9686
3067,9641,9689
3068,9642,9690
3069,9643,9691
3070,9644,9692
3071,9647,9695
3072,9650,9698
3073,9651,9699
3074,9652,9700
3075,9655,9703
3076,30101,30104
3077,30101,35721
3078,31929,38091
3079,31929,32557
3080,31929,32558
3081,31929,24338
3082,31929,31932
3083,36291,36887
3084,44625,43996
3085,44625,43995
3086,44625,44628
3087,34514,38091
3088,34514,32558
3089,43622,43996
3090,43622,43995
3091,43622,44628
3092,44626,43996
3093,44626,43995
3094,44626,44628
3095,24281,24338
3096,24281,32557
3097,24281,32558
3098,24282,24338
3099,24282,38091
3100,24282,32558
3101,9667,9714
3102,9670,9717
3103,9672,9719
3104,9677,9724
3105,9685,9732
3106,9686,9731
3107,9687,9733
3108,9688,9734
3109,9689,9735
3110,9690,9736
3111,9691,9737
3112,9692,9738
3113,9693,9739
3114,9695,9741
3115,9696,9742
3116,9698,9744
3117,9699,9745
3118,9700,9746
3119,9701,9747
3120,9702,9748
3121,9703,9749
3122,9681,9727
3123,31931,32560
3124,31931,31934
3125,31931,32559
3126,32557,32560
3127,33257,33260
3128,31932,32560
3129,34516,32559
3130,24337,24387
3131,24337,24388
3132,24339,32560
3133,24339,24386
3134,9715,9763
3135,9719,9766
3136,9724,9770
3137,9730,9776
3138,9731,9777
3139,9732,9778
3140,9733,9779
3141,9734,9780
3142,9735,9781
3143,9736,9782
3144,9738,9784
3145,9739,9785
3146,9742,9788
3147,9743,9789
3148,9744,9790
3149,9745,9791
3150,9747,9793
3151,9748,9794
3152,9749,9795
3153,9727,9773
3154,24382,24440
3155,24382,24439
3156,24380,24451
3157,24381,24451
3158,9770,9816
3159,9777,9825
3160,9778,9824
3161,9779,9826
3162,9780,9827
3163,9781,9828
3164,9782,9829
3165,9785,9832
3166,9788,9835
3167,9789,9836
3168,9791,9838
3169,9793,9840
3170,9794,9841
3171,9795,9842
3172,39285,39288
3173,33901,33904
3174,43627,43630
3175,44629,44000
3176,31940,43630
3177,43628,44000
3178,9909,9954
3179,9911,9956
3180,9913,9958
3181,9916,9961
3182,9917,9962
3183,9920,9965
3184,9922,9967
3185,9923,9968
3186,9924,9969
3187,30695,30698
3188,31941,24612
3189,31941,31944
3190,31941,32567
3191,31941,38103
3192,31941,32568
3193,34526,31944
3194,34526,32568
3195,35732,38103
3196,24535,24612
3197,24536,31944
3198,24536,32568
3199,24536,24612
3200,24536,32567
3201,9940,9987
3202,9944,9990
3203,9947,9995
3204,9953,10001
3205,9954,10002
3206,9955,10003
3207,9956,10005
3208,9957,10004
3209,9958,10006
3210,9959,10007
3211,9961,10009
3212,9962,10010
3213,9965,10013
3214,9966,10014
3215,9967,10015
3216,9968,10016
3217,9969,10017
3218,9970,10018
3219,9971,10019
3220,9972,10020
3221,9950,9998
3222,31943,32570
3223,31943,44003
3224,39291,39294
3225,24591,24657
3226,24599,24690
3227,24604,24690
3228,24604,32570
3229,9990,10036
3230,10001,10047
3231,10002,10049
3232,10003,10048
3233,10004,10050
3234,10005,10051
3235,10006,10052
3236,10007,10053
3237,10008,10054
3238,10010,10056
3239,10011,10057
3240,10013,10059
3241,10015,10061
3242,10016,10062
3243,10018,10064
3244,10019,10065
3245,10020,10066
3246,9998,10044
3247,31945,44636
3248,31945,44005
3249,43633,44636
3250,43633,44005
3251,44003,44006
3252,44633,44636
3253,44633,44005
3254,31946,44005
3255,35736,44636
3256,43634,44636
3257,43634,44005
3258,24668,44005
3259,10032,10078
3260,10048,10093
3261,10049,10092
3262,10050,10094
3263,10052,10096
3264,10056,10100
3265,10061,10105
3266,10062,10106
3267,10065,10109
3268,10066,10110
3269,44005,44008
3270,44636,44008
3271,33279,33282
3272,30121,35744
3273,43635,44012
3274,44009,44012
3275,29510,35744
3276,43636,44012
3277,10165,10212
3278,10168,10215
3279,10181,10229
3280,10182,10230
3281,10183,10231
3282,10184,10232
3283,10185,10233
3284,10186,10234
3285,10187,10235
3286,10193,10241
3287,10194,10242
3288,10195,10243
3289,10196,10244
3290,10198,10246
3291,29511,35745
3292,29511,30126
3293,30707,30710
3294,31953,32577
3295,31953,32578
3296,31953,31956
3297,32575,32578
3298,31954,32578
3299,34538,32578
3300,35744,38715
3301,24844,24916
3302,24836,32577
3303,24836,32578
3304,24836,31956
3305,24836,24900
3306,24837,32578
3307,24837,24900
3308,10215,10263
3309,10228,10276
3310,10229,10277
3311,10230,10278
3312,10231,10279
3313,10232,10280
3314,10233,10281
3315,10234,10282
3316,10235,10283
3317,10238,10286
3318,10239,10287
3319,10241,10289
3320,10242,10290
3321,10243,10291
3322,10244,10292
3323,10245,10293
3324,10246,10294
3325,10225,10273
3326,29513,30128
3327,29513,35747
3328,29513,29516
3329,29513,30127
3330,33917,33920
3331,34539,34542
3332,35745,35748
3333,30126,35748
3334,24930,24976
3335,24930,24960
3336,10276,10320
3337,10278,10321
3338,10281,10325
3339,10282,10326
3340,10283,10327
3341,10285,10329
3342,10286,10330
3343,10287,10331
3344,10289,10333
3345,10290,10334
3346,10291,10335
3347,10292,10336
3348,10293,10337
3349,29515,30130
3350,31957,31960
3351,31957,32581
3352,31957,32582
3353,32579,32582
3354,34541,34544
3355,35747,35750
3356,30128,35750
3357,31958,32582
3358,24964,25016
3359,24964,25022
3360,24972,32582
3361,10306,10356
3362,10314,10365
3363,10320,10372
3364,10321,10373
3365,10325,10377
3366,10326,10378
3367,10327,10379
3368,10329,10381
3369,10330,10382
3370,10331,10383
3371,10332,10384
3372,10333,10385
3373,10334,10386
3374,10335,10387
3375,10337,10389
3376,10317,10369
3377,31959,10407
3378,31959,31962
3379,31959,32583
3380,34544,31962
3381,34544,32583
3382,35750,32584
3383,35750,38121
3384,25021,25068
3385,25026,31962
3386,25026,32583
3387,31965,43640
3388,31965,44013
3389,31965,44014
3390,33295,33298
3391,33295,33927
3392,43637,43640
3393,43637,44013
3394,43637,44014
3395,31966,43640
3396,31966,38125
3397,31966,44013
3398,31966,44014
3399,34550,38125
3400,34550,44014
3401,25079,25153
3402,25079,25135
3403,10455,10503
3404,10461,10508
3405,10468,10515
3406,10469,10517
3407,10470,10516
3408,10471,10519
3409,10472,10518
3410,10474,10521
3411,10476,10523
3412,10477,10524
3413,10478,10525
3414,10480,10527
3415,10481,10528
3416,10482,10529
3417,10483,10530
3418,10485,10532
3419,10487,10534
3420,29525,30138
3421,29525,35755
3422,31967,31970
3423,36921,36924
3424,43639,44431
3425,43639,43642
3426,43639,44432
3427,43639,44015
3428,44013,44016
3429,43640,44016
3430,10503,10550
3431,10505,10552
3432,10515,10564
3433,10516,10565
3434,10519,10567
3435,10520,10569
3436,10521,10570
3437,10523,10572
3438,10524,10573
3439,10525,10574
3440,10527,10576
3441,10528,10577
3442,10529,10578
3443,10530,10579
3444,10532,10581
3445,10533,10582
3446,10534,10583
3447,30721,30724
3448,31969,32592
3449,31969,31972
3450,31969,32591
3451,32589,32592
3452,44015,44018
3453,44431,44018
3454,34554,31972
3455,34554,32591
3456,43642,44018
3457,44432,44018
3458,25220,32592
3459,25220,31972
3460,25212,32592
3461,25212,31972
3462,25212,32591
3463,10547,10593
3464,10552,10598
3465,10564,10608
3466,10565,10610
3467,10567,10612
3468,10569,10613
3469,10570,10614
3470,10572,10616
3471,10573,10617
3472,10574,10618
3473,10577,10621
3474,10578,10622
3475,10579,10623
3476,10580,10624
3477,10581,10625
3478,10582,10626
3479,10583,10627
3480,10561,10605
3481,31971,32593
3482,31971,31974
3483,33931,33934
3484,34555,34558
3485,10589,10635
3486,10593,10637
3487,10602,10645
3488,10609,10654
3489,10610,10653
3490,10613,10657
3491,10616,10660
3492,10618,10662
3493,10619,10663
3494,10621,10665
3495,10622,10666
3496,10623,10667
3497,10624,10668
3498,10625,10669
3499,10626,10670
3500,32593,32596
3501,45845,32595
3502,45845,46124
3503,46121,32595
3504,46121,46124
3505,31974,32596
3506,45846,32595
3507,45846,46124
3508,25373,25388
3509,30143,30146
3510,30143,35763
3511,30143,35764
3512,31977,32600
3513,31977,38137
3514,32597,32600
3515,32597,38137
3516,44023,44026
3517,29538,30146
3518,29538,35763
3519,31978,32600
3520,31978,38137
3521,34562,32600
3522,34562,38137
3523,43650,44026
3524,43650,25413
3525,25377,32600
3526,10725,10772
3527,10730,10778
3528,10738,10785
3529,10739,10786
3530,10740,10787
3531,10741,10789
3532,10743,10790
3533,10744,10791
3534,10747,10794
3535,10749,10796
3536,10751,10798
3537,10753,10800
3538,10754,10801
3539,10756,10803
3540,31979,32602
3541,31979,31982
3542,32599,32602
3543,33311,33314
3544,31980,32602
3545,25427,25536
3546,10772,10819
3547,10774,10821
3548,10785,10832
3549,10786,10834
3550,10787,10833
3551,10788,10836
3552,10789,10835
3553,10790,10837
3554,10791,10838
3555,10793,10840
3556,10794,10841
3557,10795,10842
3558,10796,10843
3559,10798,10845
3560,10799,10846
3561,10800,10847
3562,10801,10848
3563,10802,10849
3564,10803,10850
3565,29541,30150
3566,29541,35767
3567,30731,25577
3568,30731,30734
3569,31981,32604
3570,33313,33316
3571,33314,25577
3572,34566,32604
3573,25499,25562
3574,25499,25594
3575,25536,25577
3576,25536,25570
3577,25501,32604
3578,10819,10864
3579,10821,10866
3580,10833,10878
3581,10834,10877
3582,10835,10879
3583,10836,10880
3584,10838,10882
3585,10839,10883
3586,10840,10884
3587,10841,10885
3588,10842,10886
3589,10843,10887
3590,10846,10890
3591,10847,10891
3592,10848,10892
3593,10849,10893
3594,10850,10894
3595,10829,10873
3596,31983,31986
3597,31983,32606
3598,35767,35770
3599,30150,35770
3600,10860,10906
3601,10870,10918
3602,10877,10926
3603,10878,10927
3604,10882,10931
3605,10883,10932
3606,10884,10933
3607,10885,10934
3608,10886,10935
3609,10887,10936
3610,10891,10940
3611,10892,10941
3612,10894,10943
3613,31989,32612
3614,11018,11066
3615,11021,11067
3616,11022,11069
3617,11023,11070
3618,11024,11071
3619,11026,11073
3620,11027,11074
3621,11028,11075
3622,11029,11076
3623,11031,11078
3624,11032,11079
3625,11033,11080
3626,11035,11082
3627,11036,11083
3628,31991,32614
3629,32611,32614
3630,34575,34578
3631,43655,44034
3632,44031,44034
3633,31992,32614
3634,34576,32614
3635,43656,44034
3636,25749,32614
3637,25750,32614
3638,11051,11096
3639,11052,11097
3640,11056,11102
3641,11057,11103
3642,11064,11110
3643,11066,11112
3644,11067,11114
3645,11068,11113
3646,11069,11115
3647,11071,11117
3648,11072,11118
3649,11075,11121
3650,11076,11122
3651,11077,11123
3652,11079,11125
3653,11080,11126
3654,11081,11127
3655,11082,11128
3656,11083,11129
3657,11061,11107
3658,31993,32616
3659,32613,32616
3660,31994,32616
3661,25818,25893
3662,11096,11143
3663,11100,11146
3664,11103,11150
3665,11110,11157
3666,11112,11159
3667,11113,11160
3668,11117,11164
3669,11118,11165
3670,11121,11168
3671,11122,11169
3672,11123,11170
3673,11125,11172
3674,11126,11173
3675,11128,11175
3676,11129,11176
3677,29557,29560
3678,30745,30748
3679,31995,31998
3680,32615,32618
3681,31996,32618
3682,25873,25917
3683,25873,25918
3684,11141,11187
3685,11143,11188
3686,11157,11202
3687,11158,11204
3688,11159,11203
3689,11160,11206
3690,11163,11208
3691,11164,11209
3692,11165,11210
3693,11167,11212
3694,11168,11213
3695,11175,11220
3696,11176,11221
3697,11154,11199
3698,32001,32624
3699,11270,11315
3700,11285,11330
3701,11286,11329
3702,11287,11331
3703,11289,11333
3704,11290,11334
3705,11292,11336
3706,11293,11337
3707,11294,11338
3708,11302,11346
3709,11303,11347
3710,32003,32626
3711,32003,32006
3712,32623,32626
3713,35243,35246
3714,34588,32626
3715,26041,26102
3716,26038,32626
3717,26039,32626
3718,11315,11361
3719,11318,11364
3720,11328,11377
3721,11329,11378
3722,11331,11380
3723,11333,11382
3724,11334,11383
3725,11335,11384
3726,11336,11385
3727,11337,11386
3728,11338,11387
3729,11341,11390
3730,11345,11394
3731,11346,11395
3732,11347,11396
3733,32005,32628
3734,34589,34592
3735,38161,38164
3736,34590,32628
3737,11361,11408
3738,11370,11417
3739,11380,11426
3740,11382,11428
3741,11383,11429
3742,11386,11432
3743,11387,11433
3744,11390,11436
3745,11393,11439
3746,11395,11441
3747,11396,11442
3748,29569,30173
3749,32007,43665
3750,32007,43666
3751,32007,44043
3752,32627,32630
3753,33965,33968
3754,34592,43666
3755,34592,44043
3756,26140,43666
3757,26140,44043
3758,26141,43666
3759,26141,44043
3760,11408,11455
3761,11428,11477
3762,11429,11478
3763,11432,11481
3764,11435,11484
3765,11437,11486
3766,11438,11487
3767,11439,11488
3768,11441,11490
3769,11442,11491
3770,11420,11469
3771,43665,11505
3772,43665,44046
3773,44043,11505
3774,44043,44046
3775,32010,11505
3776,32010,44046
3777,43666,11505
3778,43666,44046
3779,31357,31360
3780,31357,32633
3781,32011,44449
3782,33351,30766
3783,34967,44449
3784,34967,46298
3785,34598,44449
3786,34598,46298
3787,41768,31360
3788,41768,32633
3789,11578,11622
3790,11579,11623
3791,11582,11626
3792,11589,11633
3793,29577,46421
3794,32013,43672
3795,32633,32636
3796,43669,43672
3797,44449,44049
3798,44449,44050
3799,44449,44452
3800,29578,46421
3801,31360,32636
3802,34600,43672
3803,34600,44049
3804,34600,44451
3805,46298,44050
3806,46298,44452
3807,26311,43672
3808,26312,43672
3809,11606,11653
3810,11618,11666
3811,11619,11665
3812,11622,11669
3813,11623,11670
3814,11625,11672
3815,11626,11673
3816,11630,11677
3817,11632,11679
3818,11633,11680
3819,11634,11681
3820,11635,11682
3821,11636,11683
3822,35797,35800
3823,44049,44052
3824,44451,44052
3825,46421,46656
3826,46421,43674
3827,30182,35800
3828,34602,46656
3829,43672,44052
3830,44452,44052
3831,11649,11699
3832,11651,11701
3833,11653,11703
3834,11664,11715
3835,11665,11717
3836,11666,11716
3837,11669,11720
3838,11670,11721
3839,11671,11722
3840,11672,11723
3841,11673,11724
3842,11674,11725
3843,11677,11728
3844,11679,11730
3845,11680,11731
3846,11682,11733
3847,11683,11734
3848,32637,32640
3849,43673,44054
3850,11695,11743
3851,11716,11762
3852,11717,11763
3853,11721,11767
3854,11723,11769
3855,11724,11770
3856,11725,11771
3857,11728,11774
3858,11731,11777
3859,11733,11779
3860,32019,32642
3861,32023,32026
3862,32023,32643
3863,34610,32026
3864,34610,32643
3865,26526,32026
3866,26526,32643
3867,32025,44057
3868,32025,44058
3869,32025,32028
3870,33365,33368
3871,34612,44057
3872,26565,44057
3873,26566,44057
3874,11854,11901
3875,11855,11902
3876,11856,11903
3877,11857,11905
3878,11858,11904
3879,11860,11907
3880,11862,11909
3881,11863,11910
3882,11865,11912
3883,11867,11914
3884,11871,11918
3885,39373,39376
3886,38782,39376
3887,11882,11930
3888,11886,11932
3889,11901,11946
3890,11903,11948
3891,11904,11950
3892,11905,11949
3893,11907,11952
3894,11909,11954
3895,11910,11955
3896,11912,11957
3897,11914,11959
3898,11916,11961
3899,11918,11963
3900,32029,32032
3901,32029,32649
3902,36979,37565
3903,11930,11973
3904,11935,11979
3905,11946,11991
3906,11948,11993
3907,11949,11995
3908,11950,11994
3909,11952,11997
3910,11954,11999
3911,11955,12000
3912,11956,12001
3913,11957,12002
3914,11959,12004
3915,11961,12006
3916,11963,12008
3917,32031,44061
3918,32031,43686
3919,32649,32652
3920,39377,39380
3921,43683,44061
3922,43683,43686
3923,38786,39380
3924,26700,26778
3925,26692,39380
3926,11979,12026
3927,11991,12036
3928,11993,12038
3929,11994,12039
3930,11997,12042
3931,11999,12044
3932,12000,12045
3933,12001,12046
3934,12002,12047
3935,12004,12049
3936,12006,12051
3937,12007,12052
3938,12008,12053
3939,12009,12054
3940,11988,12033
3941,29599,30201
3942,29599,29602
3943,32035,32656
3944,32035,38193
3945,32035,32038
3946,32035,32655
3947,32653,32656
3948,33995,33998
3949,38191,38194
3950,34624,38193
3951,34624,32655
3952,26814,38193
3953,12104,12150
3954,12110,12157
3955,12117,12163
3956,12118,12164
3957,12119,12165
3958,12120,12167
3959,12121,12166
3960,12123,12169
3961,12126,12172
3962,12127,12173
3963,12128,12174
3964,12130,12176
3965,12131,12177
3966,12132,12178
3967,12133,12179
3968,12134,12180
3969,12136,12182
3970,12114,12160
3971,30201,35819
3972,30201,30204
3973,32037,32040
3974,32037,32658
3975,33997,34000
3976,45875,46156
3977,45875,43687
3978,29602,35819
3979,29602,30204
3980,26875,26953
3981,12147,12194
3982,12150,12197
3983,12163,12210
3984,12164,12211
3985,12166,12213
3986,12167,12214
3987,12168,12215
3988,12169,12216
3989,12172,12219
3990,12173,12220
3991,12176,12223
3992,12177,12224
3993,12179,12226
3994,12182,12229
3995,12160,12207
3996,32039,32042
3997,32039,32659
3998,32039,32660
3999,32657,32660
4000,43687,43690
4001,43687,44065
4002,43687,44066
4003,32040,32660
4004,34628,32660
4005,46156,43690
4006,46156,44065
4007,46156,44066
4008,26937,32660
4009,12194,12242
4010,12210,12255
4011,12211,12256
4012,12214,12258
4013,12216,12261
4014,12219,12264
4015,12223,12268
4016,12224,12269
4017,12229,12274
4018,32041,32044
4019,32041,32661
4020,42387,42390
4021,34630,32662
4022,12267,12311
4023,12268,12312
4024,12269,12313
4025,12274,12318
4026,43691,44472
4027,43691,43694
4028,43691,44471
4029,12364,12409
4030,12383,12428
4031,12386,12432
4032,12388,12434
4033,12390,12436
4034,12394,12440
4035,12396,12442
4036,12398,12444
4037,12399,12445
4038,12400,12446
4039,32049,44069
4040,32049,44070
4041,32049,27244
4042,32049,43696
4043,32049,38205
4044,32667,32670
4045,34009,34012
4046,43693,43696
4047,43693,27244
4048,43693,44069
4049,43693,44070
4050,44471,44473
4051,44471,44474
4052,32050,43696
4053,32050,44069
4054,32050,44070
4055,34638,43696
4056,34638,44069
4057,34638,44070
4058,43694,44473
4059,43694,44474
4060,44472,44473
4061,44472,44474
4062,27129,43696
4063,27129,27244
4064,27129,44069
4065,27129,44070
4066,27130,43696
4067,27130,27244
4068,27130,44069
4069,27130,44070
4070,12419,12461
4071,12428,12471
4072,12430,12473
4073,12433,12475
4074,12434,12476
4075,12436,12478
4076,12440,12482
4077,12441,12483
4078,12442,12484
4079,12444,12486
4080,12446,12488
4081,12424,12466
4082,32051,32054
4083,32669,32672
4084,44473,44476
4085,32052,32672
4086,44474,44476
4087,27188,27259
4088,12461,12506
4089,12469,12514
4090,12470,12516
4091,12471,12515
4092,12472,12518
4093,12473,12517
4094,12482,12527
4095,12483,12528
4096,12484,12529
4097,12485,12530
4098,12486,12531
4099,12488,12533
4100,12466,12511
4101,32053,32056
4102,32053,32673
4103,43697,44073
4104,43697,44074
4105,43697,43700
4106,32054,44073
4107,32054,44074
4108,32054,43700
4109,27300,32056
4110,12514,12559
4111,12517,12562
4112,12518,12563
4113,12525,12570
4114,12530,12575
4115,32673,32676
4116,32056,32676
4117,27361,27387
4118,29625,29628
4119,32059,32062
4120,32059,32679
4121,30220,31403
4122,34646,32062
4123,27376,27402
4124,27377,32062
4125,27377,32679
4126,27387,27413
4127,27378,32062
4128,27378,32679
4129,12635,12681
4130,12655,12701
4131,12662,12708
4132,12663,12709
4133,12666,12712
4134,12667,12713
4135,31403,31406
4136,32679,32682
4137,34997,35000
4138,34997,35275
4139,34997,35276
4140,41809,41812
4141,41809,31405
4142,45883,45886
4143,45883,46159
4144,32062,32682
4145,12680,12726
4146,12681,12727
4147,12694,12742
4148,12696,12744
4149,12697,12745
4150,12698,12746
4151,12699,12747
4152,12701,12749
4153,12702,12750
4154,12707,12755
4155,12709,12757
4156,12710,12758
4157,12711,12759
4158,12712,12760
4159,12713,12761
4160,12691,12739
4161,32063,44480
4162,32063,44081
4163,43703,44480
4164,43703,44081
4165,44477,44480
4166,44477,44081
4167,31406,44480
4168,31406,44081
4169,43704,44480
4170,43704,44081
4171,12723,12769
4172,12742,12789
4173,12745,12792
4174,12746,12793
4175,12747,12794
4176,12749,12796
4177,12753,12800
4178,12757,12804
4179,12758,12805
4180,12759,12806
4181,12760,12807
4182,12761,12808
4183,32065,32068
4184,32065,32685
4185,32065,32686
4186,44081,44084
4187,44480,44084
4188,27546,27591
4189,27538,32068
4190,12792,12838
4191,12794,12840
4192,12795,12841
4193,12803,12849
4194,12804,12850
4195,12805,12851
4196,12806,12852
4197,12807,12853
4198,12808,12854
4199,12786,12832
4200,31413,31416
4201,41820,31416
4202,12911,12955
4203,12914,12958
4204,12916,12960
4205,12926,12970
4206,12928,12972
4207,12929,12973
4208,12930,12974
4209,34659,34662
4210,12955,13002
4211,12956,13003
4212,12958,13006
4213,12960,13007
4214,12968,13015
4215,12970,13017
4216,12971,13018
4217,12973,13020
4218,12974,13021
4219,32075,32078
4220,32691,32694
4221,32076,32694
4222,34662,32078
4223,27788,27825
4224,13002,13052
4225,13003,13053
4226,13006,13056
4227,13007,13057
4228,13010,13060
4229,13012,13062
4230,13015,13065
4231,13017,13067
4232,13018,13068
4233,13020,13070
4234,32077,32696
4235,32693,32696
4236,35851,35854
4237,32078,32696
4238,27805,27865
4239,27805,27866
4240,13044,13093
4241,13052,13099
4242,13053,13100
4243,13056,13103
4244,13057,13104
4245,13061,13108
4246,13062,13109
4247,13065,13112
4248,13066,13113
4249,13067,13114
4250,13068,13115
4251,13070,13117
4252,13049,13096
4253,32697,32700
4254,32697,38839
4255,44087,44090
4256,32084,32700
4257,44498,44090
4258,27968,28002
4259,13161,13208
4260,13163,13209
4261,13165,13212
4262,13168,13216
4263,13175,13223
4264,13176,13225
4265,13177,13224
4266,13178,13226
4267,13179,13227
4268,13180,13228
4269,13182,13230
4270,13183,13231
4271,13184,13232
4272,13187,13235
4273,13188,13236
4274,13189,13237
4275,13190,13238
4276,13192,13240
4277,13193,13241
4278,13172,13220
4279,30243,30246
4280,32085,28064
4281,32085,32702
4282,32699,32702
4283,43709,44091
4284,43709,44092
4285,43709,44501
4286,43709,44502
4287,44499,44091
4288,44499,44092
4289,44499,44501
4290,44499,44502
4291,29654,30246
4292,32086,44091
4293,32086,44502
4294,34674,28064
4295,34674,44092
4296,43710,44091
4297,43710,44092
4298,43710,44501
4299,43710,44502
4300,27993,28064
4301,27994,28064
4302,13223,13271
4303,13224,13273
4304,13225,13272
4305,13226,13274
4306,13227,13275
4307,13228,13276
4308,13229,13277
4309,13230,13278
4310,13231,13279
4311,13236,13284
4312,13237,13285
4313,13240,13288
4314,13241,13289
4315,13220,13268
4316,32087,32704
4317,32701,32704
4318,44091,44094
4319,44501,38243
4320,44501,44094
4321,32088,32704
4322,34676,32704
4323,44502,44094
4324,28058,32704
4325,28058,28127
4326,28059,32704
4327,28059,28127
4328,13264,13308
4329,13271,13315
4330,13272,13316
4331,13274,13318
4332,13275,13319
4333,13276,13320
4334,13277,13321
4335,13278,13322
4336,13282,13326
4337,13284,13328
4338,13285,13329
4339,13288,13332
4340,13289,13333
4341,32089,32705
4342,32089,32706
4343,32089,28195
4344,32089,32092
4345,34678,32706
4346,34678,32092
4347,28101,28164
4348,28105,32705
4349,28105,32706
4350,28105,28195
4351,28105,32092
4352,28106,32706
4353,13307,13353
4354,13308,13354
4355,13315,13361
4356,13316,13362
4357,13318,13364
4358,13319,13365
4359,13320,13366
4360,13321,13367
4361,13322,13368
4362,13324,13370
4363,13325,13371
4364,13326,13372
4365,13328,13374
4366,13329,13375
4367,13330,13376
4368,13333,13379
4369,29663,29666
4370,29663,35867
4371,29663,30253
4372,29663,30254
4373,32093,32710
4374,32707,32710
4375,43713,44096
4376,43713,44512
4377,43713,43716
4378,43713,44511
4379,43713,44095
4380,44509,44096
4381,44509,44512
4382,44509,44095
4383,32094,44512
4384,43714,44096
4385,43714,44512
4386,43714,44095
4387,28277,28321
4388,13424,13473
4389,13432,13480
4390,13433,13482
4391,13435,13483
4392,13437,13485
4393,13438,13486
4394,13439,13487
4395,13441,13489
4396,13442,13490
4397,13444,13492
4398,13445,13493
4399,13446,13494
4400,13447,13495
4401,13451,13499
4402,13429,13477
4403,32095,32712
4404,32095,32098
4405,32095,32711
4406,32709,32712
4407,34685,34688
4408,35867,35870
4409,44511,44097
4410,44511,44098
4411,44511,44516
4412,30254,35870
4413,34686,32712
4414,43716,44097
4415,43716,44098
4416,43716,44516
4417,28309,32712
4418,28309,28370
4419,28310,32712
4420,28310,28370
4421,13462,13507
4422,13474,13520
4423,13480,13527
4424,13481,13528
4425,13482,13529
4426,13483,13530
4427,13485,13532
4428,13486,13533
4429,13487,13534
4430,13488,13535
4431,13489,13536
4432,13490,13537
4433,13492,13539
4434,13494,13541
4435,13495,13542
4436,13477,13524
4437,32097,32713
4438,32097,32714
4439,32097,32100
4440,42437,42440
4441,34688,32713
4442,34688,32100
4443,28363,28424
4444,13527,13571
4445,13530,13574
4446,13532,13576
4447,13534,13578
4448,13535,13579
4449,13536,13580
4450,13537,13581
4451,13538,13582
4452,13542,13586
4453,32099,32715
4454,32099,32716
4455,32099,32102
4456,39445,39448
4457,34690,32716
4458,13571,13620
4459,13574,13624
4460,13576,13625
4461,13580,13629
4462,13581,13630
4463,13586,13635
4464,32103,32106
4465,32103,32719
4466,34696,32106
4467,34696,32719
4468,28521,28595
4469,28519,32106
4470,28519,32719
4471,28537,32719
4472,13678,13723
4473,13683,13728
4474,13691,13736
4475,13692,13737
4476,13693,13738
4477,13694,13740
4478,13696,13741
4479,13697,13742
4480,13698,13743
4481,13699,13744
4482,13700,13745
4483,13701,13746
4484,13702,13747
4485,13703,13748
4486,13705,13750
4487,13706,13751
4488,13710,13755
4489,13688,13733
4490,29679,29682
4491,29679,30266
4492,29679,35879
4493,30855,30858
4494,32105,32721
4495,32105,32722
4496,32105,32108
4497,34698,32721
4498,34698,32722
4499,34698,32108
4500,28586,28676
4501,28586,28670
4502,28584,28656
4503,28584,32722
4504,13723,13772
4505,13728,13777
4506,13729,13778
4507,13736,13785
4508,13737,13786
4509,13738,13787
4510,13739,13789
4511,13740,13788
4512,13741,13790
4513,13742,13791
4514,13743,13792
4515,13744,13793
4516,13745,13794
4517,13746,13795
4518,13747,13796
4519,13748,13797
4520,13751,13800
4521,13752,13801
4522,13754,13803
4523,13755,13804
4524,32107,44105
4525,32107,44106
4526,32107,32724
4527,32107,38865
4528,43725,43728
4529,43725,44105
4530,43725,44106
4531,34700,38865
4532,34700,38263
4533,13770,13817
4534,13785,13832
4535,13786,13834
4536,13787,13833
4537,13788,13835
4538,13790,13837
4539,13792,13839
4540,13794,13841
4541,13795,13842
4542,13797,13844
4543,13800,13847
4544,13802,13849
4545,13803,13850
4546,13804,13851
4547,29683,35883
4548,29683,30270
4549,32109,32112
4550,32109,43729
4551,32109,43730
4552,32109,32726
4553,28741,43729
4554,28741,43730
4555,13820,13867
4556,13832,13878
4557,13833,13880
4558,13834,13879
4559,13835,13881
4560,13837,13883
4561,13841,13887
4562,13842,13888
4563,13844,13890
4564,13846,13892
4565,13847,13893
4566,13851,13897
4567,32115,32729
4568,32115,32118
4569,38267,38270
4570,44107,38873
4571,44107,44110
4572,44536,38873
4573,44536,44110
4574,28830,32729
4575,28830,32118
4576,28831,32729
4577,28831,32118
4578,13944,13981
4579,32117,32732
4580,32117,38271
4581,32729,32732
4582,32729,14013
4583,32729,38271
4584,32118,32732
4585,32118,14013
4586,32118,38271
4587,34710,38271
4588,13981,32732
4589,13981,14013
4590,32121,32124
4591,32121,32735
4592,34718,32735
4593,28926,32735
4594,32735,32738
4595,39477,39480
4596,32124,32738
4597,38884,39480
4598,28940,39480
4599,14123,14147
4600,32125,32128
4601,32125,32739
4602,32125,32740
4603,32125,38891
4604,34724,32128
4605,34724,32739
4606,34724,32740
4607,34724,38891
4608,28964,32128
4609,28964,32739
4610,28964,32740
4611,28964,38891
4612,32139,32752
4613,32749,32752
4614,32140,32752
4615,29019,32752
